ID,First author,Pub. year,Journal,Region,Start Year,End,Period,Season,Research type,Technique,Livestock,Livestock Sub,Collection Setting,Feed additives,Manure type,Treatment,GHG source,Field crop,CO2,CH4,N2O,NH3
1,VanderZaag,2022,Journal of Environmental Quality,Manitoba,2016,2018,Multiple Years,Year-Round,Farm,Micrometeorological,Swine,"Growers, Finishers",Indoor,NA,Liquid,Intermittent Agitation,Storage,NA,F,T,F,F
2,Romero,2022,Science of the Total Environment,Alberta,2019,2019,Single Year,Growing,Farm,Soil chamber,Beef Cattle,Steers,Indoor,Others,Solid,"Stockpile, Compost, pyrolysis",Storage,NA,T,T,T,F
3,Turner,2022,"Resources, Conservation & Recycling",National,2019,2019,Single Year,Growing,LCA,Mixed,Poultry,Layers,Mixed,Others,Liquid,NA,"Storage, Field",Annual crop,F,T,T,T
4,Gong,2022,Frontiers of Environmental Science & Engineering,Alberta,2019,2019,Single Year,Growing,Lab,Incubation,Dairy Cattle,Whole herd,Indoor,NA,Solid,Pyrolysis,Field,NA,T,F,T,F
5,Mahato,2022,Bioresource Technology,Quebec,2020,2020,Single Year,Growing,Pilot,Incubation,Poultry,Whole herd,Indoor,NA,"Solid, Liquid",Digester,Storage,NA,T,T,F,F
6,Wedwitschka,2022,Waste Management,Alberta,2020,2020,Single Year,NA,Pilot,Incubation,Dairy Cattle,Whole herd,Indoor,NA,"Solid, Liquid",Digester,Storage,NA,F,T,F,F
7,Abbasi,2021,Biosystems Engineering,Ontario,2012,2015,Multiple Years,Growing,Farm,"Soil chamber, Modelling",Dairy Cattle,Whole herd,Indoor,NA,Solid,NA,Field,Annual crop,T,F,F,F
8,Benchaar,2021,Journal of Dairy Science,Quebec,NA,NA,Single Year,NA,Farm,Animal chamber,Dairy Cattle,Cows,Indoor,Others,Solid,NA,Enteric,NA,F,T,F,F
9,Benchaar,2021,Journal of Dairy Science,Quebec,NA,NA,Single Year,NA,Farm,"Animal chamber, Incubation",Dairy Cattle,Cows,Indoor,Others,"Solid, Liquid",Digester,Enteric,NA,F,T,F,F
10,Holtshausen,2021,Animals,Regional,NA,NA,Single Year,Growing,LCA,Mixed,Dairy Cattle,Cows,Indoor,Others,Solid,Stockpile,"Enteric, Field, Storage","Annual crop, Grass",T,T,T,F
11,Hung,2021,"Agriculture, Ecosystems and Environment",Quebec,2018,2019,Single Year,Non-Growing,Field,Soil chamber,Dairy Cattle,Cows,Indoor,NA,"Solid, Liquid",Compost,Field,Annual crop,F,F,T,F
12,Hung,2021,Applied Soil Ecology,Quebec,2071,2100,Single Year,Non-Growing,Field,Modelling,Dairy Cattle,Cows,Indoor,NA,"Solid, Liquid",Compost,Field,Annual crop,F,F,T,F
13,Pokharel,2021,Journal of Environmental Management,Alberta,NA,NA,Single Year,NA,Lab,Incubation,Dairy Cattle,Whole herd,Indoor,NA,Solid,Pyrolysis,Field,NA,F,F,T,F
14,Pokharel,2021,Soil Biology and Biochemistry,Alberta,NA,NA,Single Year,NA,Lab,Incubation,Dairy Cattle,Whole herd,Indoor,NA,Solid,Pyrolysis,Field,NA,T,F,T,F
15,Adghim,2021,Waste and Biomass Valorization,Ontario,NA,NA,Single Year,NA,Lab,Incubation,Poultry,Whole herd,Indoor,NA,Liquid,"Digester, Hydrolysis",Storage,NA,F,T,F,F
16,Arias,2021,Jounral of Environmental Management,Ontario,NA,NA,Single Year,NA,Pilot,Incubation,Swine,Whole herd,Indoor,NA,"Solid, Liquid",Digester,Storage,NA,T,T,F,F
17,Sokolov,2021,Frontiers in Sustainable Food Systems,Nova Scotia,2019,2019,Single Year,Growing,Pilot,Soil chamber,Dairy Cattle,Whole herd,Indoor,NA,Liquid,"Solid-Liquid Seperation, Acidification",Storage,NA,F,T,T,F
18,Ejack,2021,Biology and Fertility of Soils,Quebec,2018,2018,Single Year,Non-Growing,Lab,Incubation,Dairy Cattle,Whole herd,Indoor,NA,"Solid, Liquid",NA,Field,NA,F,F,T,F
19,Romero,2021,Pedosphere,Alberta,NA,NA,Single Year,NA,Lab,Incubation,Beef Cattle,Heifers,Indoor,Biochar,Liquid,NA,Field,NA,T,T,T,F
20,Adelekun,2021,"Agriculture, Ecosystems and Environment",Manitoba,2011,2014,Multiple Years,Growing,Field,Soil chamber,Swine,Whole herd,Indoor,NA,Liquid,NA,Field,Annual crop,F,F,T,F
21,Lin,2021,Science of the Total Environment,Alberta,2016,NA,Single Year,NA,Lab,Incubation,Dairy Cattle,Whole herd,Indoor,NA,Liquid,NA,Field,NA,F,F,T,F
22,Lin,2021,Canadian Journal of Soil Science,Alberta,2015,2015,Single Year,NA,Lab,Incubation,Dairy Cattle,Whole herd,Indoor,NA,Liquid,NA,Field,NA,T,F,T,F
23,Sokolov,2021,Environmental Technology,Nova Scotia,2017,2017,Single Year,NA,Lab,Incubation,Dairy Cattle,Whole herd,Indoor,NA,Liquid,"Solid-Liquid Seperation, Acidification",Storage,NA,F,T,F,F
24,Pelster,2021,Soil & Tillage Research,Quebec,2016,2018,Multiple Years,Growing,Field,Soil chamber,"Dairy Cattle, Swine","Whole herd, Growers, Finisherss",Indoor,NA,Liquid,Storage,Field,,F,F,T,F
25,Rennie,2021,Science of the Total Environment,National,1971,2000,Single Year,Year-Round,Farm,Modelling,Dairy Cattle,Whole herd,NA,NA,Liquid,NA,Storage,NA,F,T,F,F
26,Lin,2021,Science of the Total Environment,Alberta,2014,2016,Multiple Years,Year-Round,Field,Modelling,Swine,Whole herd,Indoor,NA,Liquid,NA,Field,,F,F,T,F
27,Zhang,2021,Journal of Cleaner Production,British Columbia,2019,2019,Single Year,Year-Round,LCA,Mixed,Dairy Cattle,Whole herd,Indoor,NA,"Solid, Liquid",NA,"Storage, Field",,T,T,T,F
28,Binggeli,2021,Journal of Dairy Science,Regional,2010,2014,Multiple Years,Year-Round,LCA,Mixed,Dairy Cattle,Whole herd,Indoor,Others,Liquid,NA,"Storage, Field",,T,T,T,F
29,Sharifi,2021,Acta Horticulturae,British Columbia,2011,2018,Multiple Years,NA,Lab,Incubation,Dairy Cattle,Cows,Indoor,NA,Solid,Compost,Field,NA,T,F,F,F
30,Wang,2021,Environmental Pollution,British Columbia,2019,2019,Single Year,Year-Round,LCA,Mixed,"Dairy Cattle, Poultry",Whole herd,Indoor,NA,Liquid,Digester,Storage,NA,T,T,T,F
31,Ashiq,2020,Environmental Pollution,Newfounland,2016,2017,Multiple Years,Growing,Field,Soil chamber,Dairy Cattle,Whole herd,Indoor,NA,Liquid,NA,Field,Annual crop,T,T,T,F
32,Abassi,2020,Geoderma,Ontario,2012,2014,Multiple Years,Growing,Field,Soil chamber,Dairy Cattle,Whole herd,Indoor,NA,Solid,NA,Field,Annual crop,F,F,T,F
33,Benchaar,2020,Journal of Dairy Science,Quebec,NA,NA,Single Year,NA,Farm,Animal chamber,Dairy Cattle,Cows,Indoor,NA,"Solid, Liquid",NA,Enteric,NA,F,T,F,F
34,Cluett,2020,Animals,Regional,2017,2019,Single Year,NA,Lab,Incubation,Dairy Cattle,Whole herd,Indoor,"AgriMestMix, Penergetic-g",Liquid,NA,Storage,NA,F,T,F,F
35,Johannesson,2020,Biocatalysis and Agricultural Biotechnology,Ontario,NA,NA,Single Year,NA,Lab,Incubation,"Dairy Cattle, Poultry",Whole herd,Indoor,NA,"Solid, Liquid",Digester,Storage,NA,F,T,F,F
36,Grant,2020,Biogeosciences,Alberta,2014,2016,Multiple Years,Growing,Field,"Soil chamber, Modelling",Dairy Cattle,Whole herd,Indoor,NA,Liquid,Nitrification inhibitor,Field,Annual crop,F,F,T,F
37,Flores-Orozco,2020,Bioresource Technology,Manitoba,NA,NA,Single Year,NA,Lab,"Incubation, Modelling",Dairy Cattle,Whole herd,Indoor,NA,Liquid,Antibiotic,Storage,NA,T,T,F,F
38,Le Riche,2020,Jounral of Environmental Quality,Nova Scotia,2015,2015,Single Year,Year-Round,Pilot,Soil chamber,Dairy Cattle,Whole herd,Indoor,NA,Liquid,NA,Storage,NA,F,T,T,T
39,Debruyn,2020,Jounral of Environmental Quality,Ontario,2011,2015,Multiple Years,Year-Round,Farm,Micrometeorological,Dairy Cattle,Whole herd,Indoor,NA,Liquid,"Solid-Liquid Seperation, Digester",Storage,NA,F,T,F,F
40,Wu,2020,Biology and Fertility of Soil,Alberta,NA,NA,Single Year,NA,Lab,Incubation,Dairy Cattle,Cows,Indoor,NA,Liquid,NA,Field,Grass,T,T,T,F
41,Weber,2020,Canadian Journal of Soil Science,Alberta,NA,NA,Single Year,NA,Lab,Incubation,Beef Cattle,Steers,Indoor,NA,Solid,NA,Field,NA,T,F,F,F
42,Sokolov,2020,Frontiers in Sustainable Food Systems,Nova Scotia,2018,2018,Single Year,Growing,Pilot,Soil chamber,Dairy Cattle,Cows,Indoor,NA,Liquid,Acidification,Storage,NA,F,T,T,T
43,Owens,2020,Scientific Reports,Alberta,2016,2017,Single Year,Non-Growing,Field,Soil chamber,Beef Cattle,Steers,Indoor,"3-NOP, Monensin",Solid,"Stockpile, Compost",Enteric,,T,T,T,T
44,Chen,2020,Journal of Environmental Management,Saskatchewan,2014,2014,Single Year,Year-Round,LCA,Mixed,Beef Cattle,Whole herd,Mixed,NA,"Solid, Liquid",NA,"Enteric, Field, Storage",,T,T,T,F
45,Liang,2020,Science of the Total Environment,National,1990,2016,Multiple Years,Year-Round,Farm,Modelling,"Beef Cattle, Dairy Cattle","Whole herd, Heifers, Steers",Mixed,NA,"Solid, Liquid",NA,"Enteric, Field, Storage",,T,T,T,F
46,He,2020,Science of the Total Environment,Regional,2001,2006,Multiple Years,Year-Round,Field,"Soil chamber, Modelling","Dairy Cattle, Swine",Whole herd,Indoor,NA,Liquid,NA,Field,,F,F,T,F
47,Boh,2020,"Resources, Conservation & Recycling",Ontario,2011,2011,Single Year,Year-Round,Farm,Modelling,"Beef Cattle, Dairy Cattle, Swine, Poultry, Sheep",Whole herd,Mixed,NA,"Solid, Liquid",NA,"Storage, Field",,F,F,T,T
48,Jiang,2020,American Society of Agricultural and Biological Engineers,Ontario,2012,2015,Multiple Years,Year-Round,Field,"Soil chamber, Modelling",Dairy Cattle,Whole herd,Indoor,NA,Solid,NA,Field,,T,F,T,F
49,Létourneau,2020,American Society of Agricultural and Biological Engineers,Quebec,2011,2011,Single Year,Growing,Farm,Animal chamber,Swine,"Growers, Finishers",Indoor,NA,Solid,NA,"Enteric, Storage",,T,T,T,T
50,Sokolov,2019,Nutrient Cycling in Agroecosystems,Nova Scotia,2016,2016,Single Year,Growing,Pilot,Soil chamber,Dairy Cattle,Cows,Indoor,NA,Liquid,NA,Storage,NA,F,T,T,T
51,Rajagopal,2019,International Journal of Environmental Science and Technology,Quebec,NA,NA,Single Year,NA,Lab,Incubation,Dairy Cattle,Whole herd,Indoor,NA,Liquid,Digester,Storage,NA,F,T,F,F
52,Maltais-Landry,2019,"Agriculture, Ecosystems and Environment",British Columbia,2015,2016,Multiple Years,Growing,Field,Soil chamber,Poultry,Whole herd,Indoor,NA,Solid,Compost,Field,Annual crop,T,T,T,F
53,Hassanat,2019,Journal of Dairy Science,Quebec,NA,NA,Single Year,NA,Farm,Incubation,Dairy Cattle,Cows,Indoor,Others,Liquid,NA,Storage,NA,F,T,F,F
54,Benchaar,2019,Journal of Dairy Science,Quebec,NA,NA,Single Year,NA,Farm,Incubation,Dairy Cattle,Cows,Indoor,Others,Liquid,NA,Storage,NA,F,T,F,F
55,Hunt,2019,Frontiers in Sustainable Food Systems,British Columbia,2008,2013,Multiple Years,Year-Round,Field,Soil chamber,Dairy Cattle,Whole herd,Indoor,NA,Liquid,NA,Field,Grass,F,F,T,F
56,McVoitte,2019,Heliyon,Quebec,NA,NA,Single Year,NA,Pilot,Incubation,Dairy Cattle,Cows,Indoor,NA,Liquid,Digester,Storage,NA,F,T,F,F
57,Pokharel,2019,Science of the Total Environment,Alberta,NA,NA,Single Year,Growing,Pilot,Soil chamber,Dairy Cattle,Whole herd,Indoor,NA,Solid,"Solid-Liquid Separation, Digester",Field,Annual crop,T,F,F,F
58,Quesnel,2019,Nutrient Cycling in Agroecosystems,Ontario,2015,2016,Multiple Years,Year-Round,Field,Soil chamber,Dairy Cattle,Whole herd,Indoor,NA,Liquid,NA,Field,Annual crop,F,F,T,F
59,Adelekun,2019,Canadian Journal of Soil Science,Manitoba,2013,2014,Multiple Years,Growing,Field,Soil chamber,Swine,Whole herd,Indoor,NA,"Solid, Liquid",NA,Field,"Annual crop, Perennial crop",F,F,T,F
60,McGinn,2019,Journal of Environmental Quality,Alberta,2017,2018,Single Year,Non-Growing,Farm,Micrometeorological,Beef Cattle,Whole herd,Outdoor,"3-NOP, Monensin","Solid, Liquid",NA,"Enteric, Field, Storage",NA,F,T,F,F
61,Sokolov,2019,Journal of Environmental Quality,Nova Scotia,2017,2017,Single Year,Growing,Pilot,Soil chamber,Dairy Cattle,Cows,Indoor,NA,Liquid,Acidification,Storage,NA,F,T,T,T
62,Koupaie,2019,Waste Management,Ontario,NA,NA,Single Year,NA,Lab,Incubation,Dairy Cattle,Whole herd,Indoor,NA,Liquid,NA,Storage,NA,T,T,F,F
63,VanderZaag,2019,Journal of the Air & Waste Management Association,Ontario,2016,2016,Single Year,Growing,Farm,Micrometeorological,Dairy Cattle,"Cows, Heifers",Indoor,NA,Liquid,"Intermittent Agitation, Solid-Liquid Separation",Storage,NA,F,T,F,F
64,Dimitrov,2019,Environmental Development,Alberta,2011,2011,Single Year,Year-Round,Farm,Modelling,"Beef Cattle, Dairy Cattle, Swine, Poultry, Sheep",Whole herd,Mixed,NA,"Solid, Liquid",NA,"Enteric, Field, Storage",,F,T,T,F
65,Shen,2019,Agricultural Systems,Alberta,2008,2011,Multiple Years,Growing,Field,"Soil chamber, Modelling",Beef Cattle,Steers,Mixed,NA,Solid,Digester,Field,,F,F,T,F
66,Mirmasoudi,2019,Canadian Water Resources Journal,British Columbia,2011,2100,Multiple Years,Year-Round,Field,Modelling,Beef Cattle,Whole herd,Mixed,NA,Solid,Stockpile,"Enteric, Field, Storage",,F,T,T,F
67,Maltais-Landry,2019,Agronomy,British Columbia,2015,2016,Single Year,Non-Growing,Field,Collar,"Poultry, Horse",Whole herd,Mixed,NA,Solid,NA,Field,,T,T,T,F
68,Huang,2019,Environmental Pollution,Saskatchewan,2015,2016,Single Year,Year-Round,Farm,Animal chamber,Poultry,"Broilers, Layers",Indoor,NA,Solid,NA,Storage,NA,T,T,T,F
69,Alvarez-Hess,2019,Agricultural Systems,Alberta,2016,2016,Single Year,Year-Round,LCA,Mixed,Dairy Cattle,Whole herd,Mixed,"3-NOP, Nitrate",Solid,Stockpile,"Enteric, Field, Storage",,T,T,T,F
70,Fournel,2019,American Society of Agricultural and Biological Engineers,Quebec,2010,2014,Single Year,Year-Round,Farm,Modelling,Dairy Cattle,"Cows, Heifers",Indoor,NA,"Solid, Liquid",Stockpile,"Enteric, Field, Storage",,T,T,T,F
71,Smith,2019,Journal of Environmental Quality,Ontario,1986,2015,Multiple Years,Year-Round,Field,Modelling,Dairy Cattle,Whole herd,Indoor,NA,Liquid,NA,Field,,F,F,T,T
72,He,2019,Journal of Environmental Quality,Ontario,1966,2015,Multiple Years,Year-Round,Field,"Soil chamber, Modelling",Dairy Cattle,Whole herd,Indoor,NA,Liquid,NA,Field,,F,F,T,T
73,Zhu,2019,IOP Conference Series: Earth and Environmental Science,Alberta,2015,2015,Single Year,NA,Lab,Incubation,NA,NA,NA,NA,NA,NA,Field,NA,T,T,T,F
74,Cherif,2018,Journal of Dairy Science,Quebec,NA,NA,Single Year,NA,Farm,Animal chamber,Dairy Cattle,Cows,Indoor,Other,"Solid, Liquid",NA,Enteric,NA,F,T,F,F
75,Brassard,2018,Geoderma,Quebec,NA,NA,Single Year,NA,Lab,Incubation,Swine,Whole herd,Indoor,NA,Solid,Pyrolysis,Field,NA,T,F,T,F
76,Maltais-Landry,2018,Jounral of Environmental Quality,British Columbia,2016,2016,Single Year,Growing,Lab,Incubation,"Horse, Poultry",Whole herd,Indoor,NA,Solid,NA,Field,NA,T,T,T,T
77,Habtewold,2018,Jounral of Environmental Quality,Ontario,NA,NA,Single Year,NA,Lab,Incubation,Dairy Cattle,Whole herd,Indoor,NA,Liquid,Antibiotics,Storage,NA,T,T,F,F
78,Maltais-Landry,2018,Jounral of the Air & Waste Management Association,British Columbia,2015,2016,Single Year,Non-Growing,Farm,Soil chamber,"Horse, Poultry","Whole herd, Broiler",Indoor,NA,Solid,Stockpile,Storage,NA,T,T,T,F
79,VanderZaag,2018,Environmental Technology,Ontario,NA,NA,Single Year,NA,Farm,Incubation,Dairy Cattle,Whole herd,Indoor,NA,"Solid, Liquid","Solid-Liquid Separation, Compost, Digester",Storage,NA,F,T,F,F
80,Westphal,2018,"Agriculture, Ecosystems and Environment",Manitoba,2014,2015,Multiple Years,Growing,Field,Soil chamber,Dairy Cattle,Whole herd,Indoor,NA,Solid,Compost,Field,Annaual crop,F,F,T,F
81,Maldaner,2018,Agricultural and Forest Meteorology,Ontario,2013,2013,Single Year,Year-Round,Farm,Micrometeorological,Dairy Cattle,"Cows, Heifers, Calves",Indoor,NA,Liquid,"Digester, Solid-Liquid Separation",Storage,NA,F,T,F,F
82,Mechler,2018,Biomass and Bioenergy,Ontario,2016,2017,Multiple Years,Growing,Field,Soil chamber,Poultry,NA,Indoor,NA,Solid,NA,Field,,T,F,T,F
83,Kariyapperuma,2018,Agricultural and Forest Meteorology,Ontario,2010,2011,Multiple Years,Year-Round,Farm,Micrometeorological,Dairy Cattle,"Cows, Heifers",Indoor,NA,Liquid,NA,Storage,NA,F,T,F,T
84,Fedrizzi,2018,Waste Management,National,2013,2015,Single Year,NA,Lab,Incubation,Dairy Cattle,NA,Indoor,NA,Liquid,Compost,Storage,NA,F,T,F,F
85,Yitbarek,2017,Journal of Cleaner Production,Manitoba,NA,NA,Single Year,NA,Lab,Incubation,Swine,Weaners,Indoor,Phytase,"Solid, Liquid",NA,Field,NA,T,T,T,F
86,Little,2017,Climate,Quebec,NA,NA,Single Year,Year-Round,LCA,Mixed,Dairy Cattle,Whole herd,Indoor,Other,"Solid, Liquid",NA,"Enteric, Field, Storage",Annual crop,F,T,T,F
87,Fillingham,2017,Waste Management,Ontario,NA,NA,Single Year,Year-Round,Farm,Micrometeorological,Dairy Cattle,Cows,Indoor,NA,Solid,"Solid-Liquid Separation, Compost",Storage,NA,T,T,T,T
88,Thomas,2017,Journal of Environmental Quality,Alberta,2008,2011,Multiple Years,Growing,Field,Soil chamber,Beef Cattle,Whole herd,Outdoor,NA,"Solid, Liquid","Solid-Liquid Separation, Digester",Field,Annual crop,F,F,T,F
89,Hao,2017,Frontiers of Environmental Science and Engineering,Alberta,2013,2013,Single Year,Growing,Pilot,Soil chamber,Beef Cattle,Whole herd,Outdoor,NA,Solid,Compost,Storage,NA,T,T,T,F
90,Hassanat,2017,Journal of Dairy Science,Quebec,NA,NA,Single Year,NA,Farm,Animal chamber,Dairy Cattle,Cows,Indoor,NA,"Solid, Liquid",NA,Enteric,NA,F,T,F,F
91,Snider,2017,Journal of Environmental Quality,Ontario,2011,2013,Multiple Years,Non-Growing,Field,"Soil chamber, Micrometeorological",Dairy Cattle,Whole herd,Indoor,NA,Liquid,NA,Field,NA,F,F,T,F
92,Habtewold,2017,Journal of Environmental Quality,Nova Scotia,2010,2010,Single Year,Growing,Pilot,Soil chamber,Dairy Cattle,Whole herd,Indoor,NA,Liquid,NA,Storage,NA,F,T,F,F
93,Lin,2017,Soil Science Society of America Journal,Alberta,2014,2015,Single Year,Year-Round,Field,Soil chamber,Swine,NA,Indoor,NA,Liquid,NA,Field,Annual crop,F,F,T,F
94,Thomas,2017,Environmental Science and Pollution Research,Alberta,2014,2015,Single Year,Year-Round,Field,Soil chamber,Dairy Cattle,"Cows, Calves",Indoor,NA,"Solid, Liquid",NA,Field,Grass,F,F,T,F
95,Thivierge,2017,Agricultural Systems,Regional,2020,2079,Multiple Years,Year-Round,Farm,Modelling,Dairy Cattle,"Cows, Heifers, Calves",Indoor,NA,Liquid,NA,Field,Annual crop,F,T,T,T
96,Sulaiman,2017,Agriculture,Ontario,2012,2014,Multiple Years,Year-Round,Field,Micrometeorological,Dairy Cattle,"Cows, Calves",Indoor,NA,Liquid,NA,Field,Annual crop,T,F,T,F
97,Guyader,2017,Agricultural Systems,Quebec,2011,2014,Single Year,Year-Round,LCA,Mixed,Dairy Cattle,"Cows, Heifers, Calves",Indoor,NA,Solid,Stockpile,"Enteric, Field, Storage",Annual crop,F,T,T,T
98,Cambareri,2017,Soil Science Society of America Journal,Ontario,2011,2014,Multiple Years,Year-Round,Field,Soil chamber,Dairy Cattle,Cows,Indoor,NA,Liquid,Digester,Field,Annual crop,F,F,T,F
99,Taylor,2017,Agriculture,Manitoba,2012,2013,Single Year,Year-Round,Field,"Soil chamber, Micrometeorological",Beef Cattle,"Steers, Cows, Calves",Outdoor,NA,Solid,NA,Field,Grass,T,T,T,F
100,Guest,2017,Journal of Cleaner Production,Ontario,2013,2014,Single Year,Year-Round,LCA,Mixed,Dairy Cattle,"Cows. Heifers, Calves",Indoor,NA,"Solid, Liquid","Solid-Liquid Separation, Compost","Enteric, Field, Storage",Annual crop,T,T,T,F
101,Alemu,2017,Agricultural Systems,National,2010,2011,Single Year,Year-Round,Farm,Modelling,Beef Cattle,"Cows, Calves",Mixed,NA,"Solid, Liquid","Stockpile, Compost","Enteric, Field, Storage","Grass, Annual crop, Pernnial crop",F,T,T,F
102,Li,2016,Canadian Journal of Soil Science,Alberta,NA,NA,Single Year,NA,Lab,Incubation,Beef Cattle,Whole herd,Indoor,NA,Solid,Compost,Field,NA,T,F,T,F
103,Giweta,2016,Canadian Journal of Soil Science,Alberta,2013,2015,Multiple Years,Growing,Field,Soil chamber,Beef Cattle,Whole herd,Indoor,NA,Soild,Compost,Field,Annual crop,T,F,T,F
104,Riche,2016,Canadian Journal of Soil Science,Nova Scotia,2014,2014,Single Year,Growing,Pilot,Soil chamber,Dairy Cattle,Cows,Indoor,NA,Liquid,NA,Storage,NA,F,T,T,T
105,Chantigny,2016,Canadian Journal of Soil Science,Quebec,2009,2013,Multiple Years,Non-Growing,Field,Soil chamber,Swine,Whole herd,Indoor,NA,Liquid,NA,Field,NA,T,F,T,F
106,Withey,2016,Journal of Chemical Technology and Biotechnology,Alberta,NA,NA,Single Year,NA,Lab,Incubation,Dairy Cattle,Whole herd,Indoor,NA,Liquid,"Digester, Antibiotic",Storage,NA,T,T,F,F
107,Balde,2016,"Agriculture, Ecosystems and Environment",Ontario,2013,2014,Multiple Years,Year-Round,Farm,Micrometeorological,Dairy Cattle,Whole herd,Indoor,NA,Liquid,Solid-Liquid Separation,Storage,NA,F,T,F,F
108,Saady,2016,International Journal of Recycling of Organic Waste in Agriculture,Quebec,NA,NA,Single Year,NA,Pilot,Incubation,Dairy Cattle,Whole herd,Indoor,NA,Liquid,NA,Storage,NA,T,T,F,F
109,Le Riche,2016,Journal of Environmental Quality,Nova Scotia,2013,2013,Single Year,Growing,Pilot,Soil chamber,Dairy Cattle,Whole herd,Indoor,NA,Liquid,NA,Storage,NA,T,T,F,T
110,Lee,2016,Journal of Environmental Quality,Alberta,NA,NA,Single Year,NA,Lab,Incubation,Beef Cattle,Heifers,Indoor,Nitrate,Liquid,NA,Storage,NA,T,T,T,T
111,Balde,2016,Journal of Environmental Quality,Ontario,2014,2015,Single Year,Year-Round,Farm,Micrometeorological,Dairy Cattle,Cows. Heifers,Indoor,NA,Liquid,"Solid-Liquid Separation, Intermittent Agitation",Storage,NA,F,T,F,F
112,Ngwabie,2016,Journal of Environmental Quality,Nova Scotia,2012,2013,Multiple Years,Year-Round,Pilot,Soil chamber,Dairy Cattle,Whole herd,Indoor,NA,Liquid,NA,Storage,NA,F,T,F,F
113,Tang,2016,Compost Science & Utilization,Alberta,2005,2007,Multiple Years,Year-Round,Field,Soil chamber,Beef Cattle,Whole herd,Indoor,NA,Solid,Compost,Field,Annual crop,F,F,T,F
114,Baldé,2016,"Agriculture, Ecosystems and Environment",Ontario,2013,2014,Multiple Years,Year-Round,Farm,Micrometeorological,Dairy Cattle,"Cows, Heifers, Calves",Indoor,Others,Liquid,"Intermittent Agitation, Solid-Liquid Separation",Storage,NA,F,T,F,F
115,Le Riche,2016,Journal of Environmental Quality,Nova Scotia,2013,2013,Single Year,Growing,Pilot,Soil chamber,Dairy Cattle,Cows,Indoor,NA,Liquid,"Intermittent Agitation, Cover",Storage,NA,F,T,T,T
116,Alemu,2016,Animal Production Science,Manitoba,2004,2006,Multiple Years,Year-Round,LCA,Mixed,"Swine, Dairy Cattle","Finishers, Cows, Calves",Indoor,NA,"Solid, Liquid",NA,"Enteric, Field, Storage","Grass, Annual crop",F,T,T,F
117,Cuéllar,2016,Canadian Journal of Soil Science,Quebec,2012,2013,Multiple Years,Growing,Field,Soil chamber,Horse,Whole herd,Mixed,NA,Solid,NA,Field,"Perennial crop, Annual crop",T,F,T,F
118,Cambareri,2016,Canadian Journal of Soil Science,Ontario,2013,2014,Multiple Years,Year-Round,Field,Soil chamber,Dairy Cattle,Cows,Indoor,NA,Liquid,Digester,Field,Annual crop,F,F,T,F
119,Baldé,2016,Bioresource Technology,Ontario,2013,2015,Multiple Years,Year-Round,Farm,Micrometeorological,Dairy Cattle,"Cows, Heifers, Calves",Indoor,NA,Liquid,Digester,Storage,NA,F,T,F,F
120,Nikièma,2016,Canadian Journal of Soil Science,Manitoba,2011,2012,Multiple Years,Growing,Field,Soil chamber,Swine,Whole herd,Indoor,NA,"Solid, Liquid",NA,Field,"Annual crop, Perennial crop",F,F,T,F
121,Massé,2016,Agriculture,Quebec,2014,2014,Single Year,Growing,Pilot,Soil chamber,Dairy Cattle,Cows,Indoor,NA,Liquid,NA,Storage,NA,F,T,F,F
122,Chai,2016,Atmospheric Environment,Ontario,1981,2010,Multiple Years,Year-Round,LCA,Mixed,Dairy Cattle,Whole herd,Mixed,NA,"Solid, Liquid","Stockpile, Compost","Storage, Field",Grass,F,F,F,T
123,Schwager,2016,Journal of Environmental Quality,Ontario,2011,2014,Multiple Years,Year-Round,Field,Soil chamber,Dairy Cattle,Cows,Indoor,NA,Liquid,Digester,Field,Annual crop,F,F,T,F
124,Alemu,2016,Animal Production Science,Manitoba,2008,2011,Multiple Years,Year-Round,Farm,Modelling,Beef Cattle,Calves,Mixed,NA,"Solid, Liquid",NA,"Enteric, Storage, Field",NA,T,T,T,F
125,Benchaar,2021,Journal of Dairy Science,Quebec,NA,NA,Single Year,Growing,Farm,Animal chamber,Dairy Cattle,Cows,Indoor,NA,"Solid, Liquid",NA,Enteric,NA,F,T,F,F
126,Hao,2015,Geomicrobiology Journal,Alberta,1999,1999,Single Year,Non-Growing,Field,Soil chamber,Dairy Cattle,Whole herd,Indoor,NA,Solid,NA,Field,NA,T,F,T,F
127,Benchaar,2015,Journal of Dairy Science,Quebec,NA,NA,Single Year,NA,Farm,Animal chamber,Dairy Cattle,Cows,Indoor,NA,"Solid, Liquid",NA,Enteric,NA,F,T,F,F
128,Masse,2015,Bioresource Technology,Quebec,NA,NA,Single Year,NA,Pilot,Incubation,Dairy Cattle,Cows,Indoor,NA,Liquid,Digester,Storage,NA,T,T,F,F
129,Saady,2015,Bioresource Technology,Quebec,NA,NA,Single Year,Year-Round,Pilot,Incubation,Dairy Cattle,Cows,Indoor,NA,Liquid,Digester,Storage,NA,T,T,F,F
130,Tatti,2014,"Agriculture, Ecosystems and Environment",Quebec,2009,2011,Multiple Years,Non-Growing,Lab,Incubation,"Dairy Cattle, Poultry",Whole herd,Indoor,NA,"Solid, Liquid",NA,Field,NA,F,F,T,F
131,Stewart,2014,Canadian Journal of Animal Science,Manitoba,2004,2006,Multiple Years,Year-Round,Farm,Mixed,Beef Cattle,Steers,Mixed,NA,"Solid, Liquid",NA,"Storage, Field, Enteric",Grass,F,T,T,T
132,Rochette,2014,Journal of Environmental Quality,Quebec,2009,2011,Single Year,Growing,Field,Soil chamber,Dairy Cattle,Cows,Indoor,NA,"Solid, Liquid",NA,Field,Grass,F,F,T,F
133,Hünerberg,2014,Agricultural Systems,Alberta,2008,2012,Single Year,Year-Round,LCA,Mixed,Beef Cattle,Whole herd,Mixed,NA,"Solid, Liquid",NA,"Enteric, Field, Storage","Grass, Annual crop",F,T,T,F
134,Gao,2014,Canadian Journal of Soil Science,Manitoba,2006,2007,Multiple Years,Growing,Field,Soil chamber,Swine,"Growers, Finishers",Indoor,NA,Liquid,NA,Field,Annual crop,T,T,T,F
135,Asgedom,2014,Agronomy Journal,Manitoba,2009,2010,Multiple Years,Growing,Field,Soil chamber,Dairy Cattle,Whole herd,Indoor,NA,Solid,Stockpile,Field,Annual crop,F,F,T,F
136,Tartakovsky,2014,Journal of Chemical Technology and Biotechnology,Quebec,NA,NA,Single Year,NA,Lab,Incubation,Dairy Cattle,Cows,Indoor,NA,Liquid,"Intermittent Agitation, Digester",Storage,NA,T,T,F,F
137,Ngwabie,2014,Biosystems Engineering,Ontario,2012,2012,Single Year,Non-Growing,Farm,"Micrometeorological, Modelling",Dariy Cattle,Whole herd,Indoor,NA,"Solid, Liquid",NA,"Enteric, Storage",NA,T,T,T,T
138,VanderZaag,2014,Agricultural and Forest Meteorology,Ontario,2011,2012,Single Year,Non-Growing,Farm,Micrometeorological,Dairy Cattle,Whole herd,Indoor,NA,"Solid, Liquid",NA,"Storage, Enteric",NA,F,T,F,F
139,Rees,2014,Canadian Jounral of Soil Science,New Brunswick,2001,2003,Multiple Years,Growing,Lab,Incubation,"Poultry, Swine",Whole herd,Indoor,NA,Solid,NA,Field,Annual crop,T,F,F,F
140,Wood,2014,Nutrient Cycling in Agroecosystems,Nova Scotia,2011,2011,Single Year,Growing,Pilot,Soil chamber,Dairy Cattle,Cows,Indoor,NA,Liquid,NA,Storage,NA,F,T,T,T
141,Drury,2014,Canadian Journal of Soil Science,Ontario,1999,2001,Multiple Years,Growing,Field,Soil chamber,Swine,Whole herd,Indoor,NA,Liquid,NA,Field,Annual crop,T,F,T,F
142,Jayasundara,2014,Canadian Journal of Animal Science,Ontario,1999,2011,Multiple Years,Year-Round,LCA,Mixed,Dairy Cattle,Whole herd,Indoor,NA,"Solid, Liquid",NA,"Enteric, Storage",Annual crop,F,T,T,F
143,Masse,2014,Applied Energy,Quebec,NA,NA,Single Year,NA,Lab,Incubation,Swine,Whole herd,Indoor,NA,Liquid,Digest,Storage,NA,T,T,F,T
144,Taylor,2013,Agricultural and Forest Meteorology,Manitoba,2009,2011,Multiple Years,Growing,Field,Micrometeorological,Beef Cattle,"Cows, Calves",Outdoor,NA,"Solid, Liquid",NA,Field,Annual crop,T,F,F,F
145,Masse,2013,Environmental Technology,Quebec,2012,2012,Single Year,Year-Round,Lab,Incubation,Swine,Growers,Indoor,NA,Liquid,NA,Storage,NA,F,T,F,F
146,Fraser,2013,Canadian Journal of Soil Science,Manitoba,2009,2009,Single Year,Year-Round,Field,Micrometeorological,Beef Cattle,"Cows, Calves",Outdoor,NA,"Solid, Liquid",NA,Field,"Grass, Annual crop",T,F,F,F
147,Giard,2013,Environmental Technology,Quebec,2010,2010,Single Year,Growing,Farm,Soil chamber,Swine,Growers,Indoor,NA,Liquid,Cover,Storage,NA,T,T,F,F
148,Zhang,2013,Bioresource Technology,British Columbia,2006,2006,Single Year,Year-Round,LCA,Mixed,"Dairy Cattle, Swine, Poultry",Whole herd,Indoor,NA,Liquid,NA,"Storage, Enteric",NA,F,T,T,T
149,Flesch,2013,Canadian Journal of Animal Science,Alberta,2010,2011,Single Year,Year-Round,Farm,Micrometeorological,Swine,Whole herd,Indoor,NA,Liquid,NA,Storage,NA,F,T,F,F
150,Hassanat,2013,Jounral of Dairy Science,Quebec,NA,NA,Single Year,NA,Farm,Animal chamber,Dairy Cattle,Cows,Indoor,NA,"Solid, Liquid",NA,Enteric,NA,F,T,F,F
151,Wood,2013,Agricultural and Forest Meteorology,Nova Scotia,2010,2010,Single Year,Growing,Pilot,Soil chamber,Dairy Cattle,Whole herd,Indoor,NA,Liquid,NA,Storage,NA,F,T,T,F
152,Barret,2013,Water Research,Quebec,2010,2011,Single Year,Year-Round,Lab,Incubation,"Swine, Dairy Cattle",Whole herd,Indoor,NA,Liquid,NA,Storage,NA,F,T,F,F
153,Saady,2013,Bioresource Technology,Quebec,NA,NA,Single Year,NA,Lab,Incubation,Dairy Cattle,Whole herd,Indoor,NA,Liquid,Digester,Storage,NA,F,T,F,F
154,Chantigny,2013,Journal of Environmental Quality,Quebec,2006,2007,Multiple Years,Growing,Field,Soil chamber,Swine,Whole herd,Indoor,NA,Liquid,Digester,Field,Annual crop,F,F,T,F
155,Miller,2012,Canadian Journal of Soil Science,Alberta,2007,2010,Multiple Years,Growing,Lab,Incubation,Beef Cattle,Whole herd,Indoor,NA,Solid,"Compost, Stockpile",Field,Annual crop,F,F,T,F
156,Wood,2012,Journal of Environmental Quality,Nova Scotia,2010,2010,Single Year,Growing,Pilot,Soil chamber,Dairy Cattle,Cows,Indoor,NA,Liquid,NA,Storage,NA,F,T,T,T
157,Girard,2012,Journal of Chemical Technology and Biotechnology,Quebec,NA,NA,Single Year,NA,Lab,Incubation,Swine,Whole herd,Indoor,NA,Liquid,"Biofilter, Solid-Liquid Separation",Storage,NA,F,T,F,F
158,Frigon,2012,Bioprocess and Biosystems Engineering,Quebec,2008,2008,Single Year,NA,Lab,Soil chamber,Dairy Cattle,Whole herd,Indoor,NA,Liquid,NA,Storage,NA,F,T,F,F
159,Kariyapperuma,2012,Canadian Journal of Soil Science,Ontario,2005,2006,Multiple Years,Non-Growing,Field,Micrometeorological,Swine,Whole herd,Indoor,NA,"Solid, Liquid",Compost,Field,Annual crop,F,F,T,F
160,McGinn,2012,Journal of Environmental Quality,Alberta,2004,2005,Single Year,Year-Round,Farm,Micrometeorological,Dairy Cattle,Whole herd,Mixed,NA,"Solid, Liquid",NA,"Enteric, Storage",NA,F,T,F,F
161,Basarab,2012,Animal,Alberta,2008,2010,Single Year,Year-Round,LCA,Mixed,Beef Cattle,Whole herd,Mixed,NA,"Solid, Liquid",NA,"Enteric, Storage, Field","Annual crop, Grass",F,T,T,F
162,Fournel,2012,Animal,Quebec,NA,NA,Single Year,NA,Farm,Animal chamber,Poultry,Layers,Indoor,NA,Liquid,NA,Storage,NA,T,T,T,F
163,Pelster,2012,Journal of Environmental Quality,Quebec,2009,2010,Multiple Years,Growing,Field,Soil chamber,"Swine, Dairy Cattle, Poultry","Whole herd, Broilers, Finishers, Growers",Indoor,NA,Liquid,NA,Field,Annual crop,T,F,T,F
164,Xia,2012,Waste Management,Quebec,NA,NA,Single Year,NA,Lab,Incubation,Swine,Whole herd,Indoor,NA,Liquid,Digester,Storage,NA,T,T,F,F
165,Tremorin,2012,Animal Feed Science and Technology,Manitoba,2004,2005,Multiple Years,Growing,Field,Soil chamber,Beef Cattle,Steers,Outdoor,NA,Solid,NA,Field,Grass,F,F,T,F
166,VanderZaag,,Animal Feed Science and Technology,Ontario,2003,2003,Single Year,Year-Round,Farm,Micrometeorological,Dairy Cattle,"Cows, Heifers",Indoor,NA,Liquid,NA,Storage,NA,F,T,F,F
167,Flesch,2011,Biomass and Bioenergy,Alberta,2008,2009,Single Year,Year-Round,Farm,Micrometeorological,Beef Cattle,Whole herd,Indoor,NA,"Solid, Liquid",Digester,Storage,NA,F,T,F,F
168,Hao,2011,Animal Feed Science and Technology,Alberta,2009,2010,Single Year,Non-Growing,Farm,Soil chamber,Beef Cattle,Whole herd,Indoor,Others,Solid,Compost,Storage,NA,T,T,T,F
169,Chiyoka,2011,Animal Feed Science and Technology,Alberta,NA,NA,Single Year,NA,Lab,Incubation,Beef Cattle,Whole herd,Indoor,NA,"Solid, Liquid","Solid-liquid Separation, Digester, Pellet",Field,NA,T,F,T,F
170,Hao,2011,Nutrient Cycling in Agroecosystems,Alberta,2004,2006,Multiple Years,Year-Round,Farm,Soil chamber,Beef Cattle,Whole herd,Outdoor,NA,Solid,"Antibiotics, Compost",Storage,NA,T,T,T,F
171,Hao,2011,Nutrient Cycling in Agroecosystems,Alberta,2007,2007,Single Year,Growing,Farm,Soil chamber,Beef Cattle,Whole herd,Outdoor,NA,Solid,Compost,Storage,NA,T,T,T,F
172,Beauchemin,2010,Agricultural Systems,Alberta,2001,2008,Multiple Years,Year-Round,LCA,Mixed,Beef Cattle,Whole herd,Indoor,NA,"Solid, Liquid",NA,"Storage, Field, Enteric","Annaual crop, Grass",F,T,T,F
173,VanderZaag,2010,Applied Engineering in Agriculture,Nova Scotia,2008,2008,Single Year,Growing,Pilot,Soil chamber,Dairy Cattle,Whole herd,Indoor,NA,Liquid,"Intermittent Agitation, Cover",Storage,NA,T,T,T,T
174,VanderZaag,2010,Canadian Journal of Soil Science,Nova Scotia,2006,2007,Single Year,Non-Growing,Pilot,Soil chamber,Dairy Cattle,Whole herd,Indoor,NA,Liquid,Intermittent Agitation,Storage,NA,T,T,T,T
175,MacDonald,2010,Journal of Environmental Quality,Quebec,2007,2008,Multiple Years,Growing,Field,Soil chamber,Swine,Whole herd,Indoor,NA,Liquid,NA,Field,Grass,T,F,F,F
176,Roumeliotis,2010,Atmospheric Environment,Ontario,2005,2009,Multiple Years,Year-Round,Farm,Animal chamber,Poultry,Broilers,Indoor,NA,Liquid,NA,Storage,NA,F,T,F,F
177,Chantigny,2010,Journal of Environmental Quality,Quebec,2004,2006,Multiple Years,Growing,Field,Soil chamber,Swine,"Growers, Finishers",Indoor,NA,Liquid,"Digester, Solid-Liquid Separation",Field,Annual crop,F,F,T,F
178,Gilroyed,2010,Bioresource Technology,Alberta,NA,NA,Single Year,NA,Lab,Incubation,Beef Cattle,Whole herd,Indoor,NA,Liquid,Digester,Storage,NA,T,T,F,T
179,Tenuta,2010,"Agriculture, Ecosystems and Environment",Manitoba,2004,2006,Multiple Years,Year-Round,Field,Soil chamber,Swine,Whole herd,Indoor,NA,Liquid,NA,Field,Grass,T,T,T,F
180,Park,2010,Agricultural and Forest Meteorology,Ontario,2006,2006,Single Year,Growing,Farm,"Soil chamber, Micrometeorological",Swine,Whole herd,Indoor,NA,Liquid,NA,Storage,NA,F,T,F,F
181,Park,2010,Asian-Australasian Journal of Animal Sciences,Ontario,2001,2002,Single Year,Year-Round,Farm,Micrometeorological,Swine,Whole herd,Indoor,NA,Liquid,NA,Storage,NA,F,T,T,F
182,Huang,2010,Canadian Journal of Soil Science,Manitoba,NA,NA,Single Year,NA,Lab,"Incubation, Modelling",Swine,Sows,Indoor,NA,Liquid,NA,Storage,NA,T,T,F,F
183,Wilson,2009,Canadian Journal of Animal Science,Manitoba,2004,2006,Multiple Years,Growing,Farm,Animal chamber,Beef Cattle,Steers,Outdoor,NA,"Solid, Liquid",NA,Enteric,NA,F,T,F,F
184,VanderZaag,2009,Transactions of the ASABE,Nova Scotia,2007,2007,Single Year,Growing,Pilot,Soil chamber,Dairy Cattle,Whole herd,Indoor,NA,Liquid,Intermittent Agitation,Storage,NA,T,T,T,T
185,Hao,2009,Nutrient Cycling in Agroecosystems,Alberta,2006,2006,Single Year,Growing,Farm,Soil chamber,Beef Cattle,Cows,Indoor,NA,Solid,Compost,Storage,NA,T,T,T,F
186,Mkhabela,2009,"Agriculture, Ecosystems and Environment",Nova Scotia,2003,2004,Multiple Years,Growing,Field,Soil chamber,Swine,Whole herd,Indoor,NA,Liquid,NA,Field,Grass,F,F,T,T
187,Bhandral,2009,Journal of Environmental Quality,British Columbia,2005,2006,Multiple Years,Growing,Field,Micrometeorological,Dairy Cattle,Whole herd,Indoor,NA,Liquid,NA,Field,Annual crop,F,F,T,T
188,Miller,2009,Soil Science Society of America Journal,New Brunswick,2006,2006,Single Year,Growing,Lab,Incubation,Dairy Cattle,Whole herd,Indoor,NA,Liquid,NA,Field,NA,T,F,T,F
189,McGinn,2009,Canadian Journal of Animal Science,Alberta,2008,2008,Single Year,Growing,Farm,Collar,Beef Cattle,Steers,Indoor,Others,Liquid,NA,Enteric,NA,F,T,F,F
190,Masse,2008,Transactions of the ASABE,Quebec,2007,2007,Single Year,Year-Round,Farm,Modelling,Dairy Cattle,Cows,Mixed,NA,Liquid,NA,Storage,NA,F,T,F,F
191,Mkhabela,2008,Soil and Tillage Research,Nova Scotia,2003,2005,Multiple Years,"Non-Growing, Year-Round","Field, Lab","Soil chamber, Incubation","Dairy Cattle, Beef Cattle",Whole herd,Indoor,NA,"Solid, Liquid",NA,Field,Annual crop,F,F,T,T
192,Stewart,2008,Canadian Journal of Animal Science,Manitoba,2004,2006,Multiple Years,Growing,Farm,Animal chamber,Beef Cattle,Steers,Indoor,NA,"Solid, Liquid",NA,Enteric,NA,T,T,F,F
193,Rochette,2008,Canadian Journal of Soil Science,National,1990,2005,Multiple Years,Year-Round,Field,Modelling,"Dairy Cattle, Beef Cattle, Swine, Poultry, Sheep, Horse",Whole herd,Mixed,NA,"Solid, Liquid",NA,Field,"Annual crop, Grass, Perennial crop",F,F,T,F
194,Bhandral,2008,Canadian Journal of Soil Science,British Columbia,2001,2002,Multiple Years,Growing,"Field, Lab","Soil chamber, Incubation",Dairy Cattle,Whole herd,Indoor,NA,Liquid,NA,Field,Grass,F,F,T,F
195,McDonald,2008,Jounral of Environmental Engineering and Science,Alberta,2005,2005,Single Year,Year-Round,Farm,Incubation,"Dairy Cattle, Swine, Poultry",Whole herd,Mixed,NA,"Solid, Liquid",NA,Storage,NA,F,T,F,F
196,Ellert,2008,Canadian Journal of Soil Science,Alberta,2001,2003,Multiple Years,Year-Round,Field,Soil chamber,Beef Cattle,Whole herd,Outdoor,NA,Solid,NA,Field,Annual crop,T,T,T,F
197,Sey,2008,Soil Science Society of America Journal,Quebec,2002,2003,Multiple Years,Growing,Field,Soil chamber,Dairy Cattle,Whole herd,Indoor,NA,Solid,Compost,Field,Annual crop,T,F,T,F
198,Yang,2008,Nutrient Cycling in Agroecosystems,Ontario,NA,NA,Single Year,NA,Lab,Incubation,Swine,Whole herd,Indoor,NA,Liquid,NA,Storage,NA,T,F,T,F
199,Gao,2008,Journal of the Air & Waste Management Association,Ontario,2006,2006,Single Year,Growing,Farm,Micrometeorological,NA,NA,NA,NA,"Solid, Liquid",NA,Storage,NA,F,T,F,F
200,Sun,2008,Journal of the Air & Waste Management Association,Saskatchewan,2004,2005,Single Year,Year-Round,Farm,Animal chamber,Swine,Whole herd,Indoor,NA,"Solid, Liquid",NA,Storage,NA,T,F,F,T
201,Smith,2008,Canadian Journal of Soil Science,Prince Edward Island,2003,2005,Multiple Years,Growing,Field,Soil chamber,Swine,Whole herd,Indoor,NA,"Solid, Liquid",NA,Field,Annual crop,F,F,T,T
202,Pattey,2008,Canadian Journal of Soil Science,Quebec,2003,2004,Single Year,Year-Round,Field,Micrometeorological,Dairy Cattle,Cows,Indoor,NA,Solid,Stockpile,Field,Annual crop,F,F,T,F
203,Mkhabela,2008,Canadian Journal of Soil Science,Nova Scotia,2005,2005,Single Year,Growing,Field,Soil chamber,Swine,"Sows, Growers",Indoor,NA,Liquid,NA,Field,Grass,F,F,T,F
204,Rochette,2008,Canadian Journal of Soil Science,Quebec,2002,2003,Multiple Years,Growing,Field,Soil chamber,Dairy Cattle,Whole herd,Indoor,NA,"Solid, Liquid",Stockpile,Field,Annual crop,F,F,T,F
205,Vergé,2007,Agricultural Systems,National,2001,2001,Single Year,Year-Round,LCA,Mixed,Dairy Cattle,Whole herd,Mixed,NA,"Solid, Liquid",NA,"Enteric, Storage, Field","Annual crop, Grass",F,T,T,F
206,Levin,2007,Bioresource Technology,National,2001,2001,Single Year,Year-Round,Farm,Modelling,"Dairy Cattle, Beef Cattle, Swine, Poultry",Whole herd,Mixed,NA,"Solid, Liquid",NA,Storage,NA,F,T,F,F
207,Hutchinson,2007,Canadian Journal of Soil Science,National,1981,2001,Multiple Years,Year-Round,Field,Modelling,"Dairy Cattle, Beef Cattle, Swine, Sheep, Poultry, Horse",Whole herd,Mixed,NA,"Solid, Liquid",NA,Field,"Annual crop, Perennial crop, Grass",F,F,T,F
208,Chantigny,2007,Journal of Environmental Quality,Quebec,2001,2003,Multiple Years,Growing,Field,Soil chamber,Swine,Finishers,Indoor,NA,Liquid,Solid-Liquid Separation,Field,Annual crop,F,F,T,T
209,Xu,2007,Journal of Environmental Quality,Alberta,2004,2005,Single Year,Year-Round,Field,Soil chamber,Beef Cattle,Whole herd,Outdoor,NA,Solid,Compost,Field,Grass,T,T,T,F
210,Xu,2007,Nutrient Cycling in Agroecosystems,Alberta,2004,2005,Single Year,Year-Round,Field,Soil chamber,Beef Cattle,Whole herd,Outdoor,NA,Solid,Compost,Field,Grass,T,T,T,F
211,Hao,2007,Nutrient Cycling in Agroecosystems,Alberta,2002,2003,Single Year,Year-Round,Field,Soil chamber,Beef Cattle,Whole herd,Outdoor,NA,Solid,Compost,Field,Grass,T,T,T,F
212,Hao,2007,Canadian Journal of Soil Science,Alberta,2002,2002,Single Year,Growing,Lab,Incubation,Beef Cattle,Steers,Indoor,Others,Liquid,NA,Storage,NA,T,T,T,T
213,Angers,2007,Nutrient Cycling in Agroecosystems,Quebec,1998,1998,Single Year,Growing,Field,Soil chamber,Swine,Finishers,Indoor,NA,Liquid,NA,Field,NA,T,F,F,F
214,Wagner-Riddle,2006,Agricultural and Forest Meteorology,Ontario,2001,2002,Single Year,Year-Round,Farm,Micrometeorological,Swine,Whole herd,Indoor,NA,Liquid,NA,Storage,NA,F,T,T,F
215,Park,2006,Atmospheric Environment,Ontario,2000,2002,Multiple Years,Year-Round,Farm,Micrometeorological,Swine,Whole herd,Indoor,NA,Liquid,Intermittent Agitation,Storage,NA,F,T,F,F
216,Mkhabela,2006,Chemosphere,Nova Scotia,2005,2005,Single Year,Growing,Lab,Incubation,Swine,Whole herd,Indoor,NA,Liquid,NA,Field,NA,F,F,T,T
217,Mkhabela,2006,Plant and soil,Nova Scotia,NA,NA,Single Year,Growing,Field,Soil chamber,Swine,Whole herd,Indoor,NA,Liquid,NA,Field,NA,F,F,T,T
218,Rochette,2006,Soil Science Society of America Journal,Quebec,2002,2003,Multiple Years,Growing,Field,Soil chamber,Dairy Cattle,Whole herd,Indoor,NA,"Solid, Liquid",Stockpile,Field,Annual crop,T,F,F,F
219,Laguë,2005,Transactions of the American Society of Agricultural Engineers,Saskatchewan,2001,2003,Multiple Years,Growing,Farm,Soil chamber,Swine,"Growers, Finishers",Indoor,NA,Liquid,NA,Storage,NA,T,T,T,F
220,Pattey,2005,Nutrient Cycling in Agroecosystems,Ontario,2003,2003,Multiple Years,Growing,Pilot,Soil chamber,"Dairy Cattle, Beef Cattle",,Indoor,NA,"Solid, Liquid","Compost, Stockpile",Storage,NA,T,T,T,F
221,Pennock,2005,Canadian Journal of Soil Science,Saskatchewan,2001,2002,Single Year,Non-Growing,Field,Soil chamber,NA,NA,NA,NA,NA,NA,Field,Annual crop,F,F,T,F
222,Clark,2005,Journal of Environmental Quality,Alberta,2003,2004,Single Year,Year-Round,Pilot,Incubation,Swine,Whole herd,Indoor,NA,Liquid,Digest,Storage,NA,T,T,T,F
223,Hao,2005,Journal of Environmental Quality,Alberta,2002,2002,Single Year,Growing,Field,Soil chamber,Beef Cattle,Steers,Outdoor,NA,Solid,Compost,Field,Grass,T,T,T,F
224,Helgason,2005,Canadian Journal of Soil Science,Alberta,NA,NA,Single Year,NA,Lab,Incubation,Beef Cattle,Whole herd,Outdoor,NA,Solid,Compost,Field,NA,T,F,F,F
225,Rochette,2004,Soil Science Society of America Journal,Quebec,1998,1999,Single Year,Year-Round,Field,Soil chamber,Swine,"Finishers, Sows",Indoor,NA,Liquid,NA,Field,Annual crop,T,F,T,F
226,Sommer,2004,Atmospheric Environment,Alberta,2003,2003,Single Year,Growing,Farm,"Soil chamber, Micrometeorological",Beef Cattle,Whole herd,Indoor,NA,Solid,Compost,Storage,NA,T,T,T,T
227,Thompson,2004,Envrionmental Monitoring and Assessment,Ontario,2000,2000,Single Year,Growing,Farm,Soil chamber,Swine,"Growers, Finishers",Indoor,NA,Liquid,Compost,Storage,NA,F,T,T,F
228,Boadi,2004,Canadian Jounral of Animal Science,Manitoba,2001,2002,Single Year,Non-Growing,Farm,"Animal chamber, Soil chamber",Beef Cattle,Steers,Indoor,NA,"Solid, Liquid",Stockpile,"Enteric, Storage",NA,T,T,T,F
229,Yang,2004,Canadian Jounral of Soil Science,Ontario,2001,2002,Single Year,Growing,Lab,Incubation,Swine,Whole herd,Indoor,NA,"Solid, Liquid",Compost,Field,Annual crop,F,F,T,F
230,Hao,2004,Journal of Environmental Quality,Alberta,2000,2000,Single Year,Growing,Farm,Soil chamber,Beef Cattle,Whole herd,Indoor,NA,Solid,Compost,Storage,NA,T,T,T,F
231,Masse,2003,Canadian Biosystems Engineering ,Quebec,2002,2002,Single Year,Growing,Lab,Incubation,"Dairy Cattle, Swine","Cows, Growers, Finishers",Indoor,NA,Liquid,NA,Field,NA,F,T,F,F
232,Lalande,2003,Canadian Journal of Soil Science,Quebec,1997,1997,Single Year,Growing,Lab,Incubation,Swine,Finishers,Indoor,NA,Liquid,NA,Field,NA,T,F,F,F
233,Yang,2003,Canadian Journal of Soil Science,Ontario,NA,NA,Single Year,NA,Lab,Incubation,Swine,Whole herd,Indoor,NA,Liquid,NA,Field,Annual crop,T,F,T,F
234,Masse,2003,Bioresource Technology,Quebec,NA,NA,Single Year,NA,Lab,Incubation,Swine,"Growers, Finishers",Indoor,NA,Liquid,"Solid-Liquid separation, Digest",Storage,NA,T,T,F,T
235,Nohra,2003,"Resources, Conservation & Recycling",Quebec,NA,NA,Single Year,NA,Lab,Incubation,Swine,Finisher,Indoor,NA,Liquid,Solid-Liquid Separation,Storage,NA,F,T,F,T
236,Brown,2002,Nutrient Cycling in Agroecosystems,Ontario,1998,1998,Single Year,Growing,Farm,Micrometeorological,Dairy Cattle,"Cows, Calves",Indoor,NA,Solid,Stockpile,Storage,NA,F,F,T,F
237,Chantigny,2002,Soil Biology and Biochemistry,Quebec,1998,1998,Single Year,Non-Growing,Lab,Incubation,"Dariy Cattle, Swine",Whole herd,Indoor,NA,"Solid, Liquid","Stockpile, Solid-Liquid Separation",Field,NA,T,F,T,F
238,Yang,2002,Canadian Journal of Soil Science,Ontario,NA,NA,Single Year,NA,Lab,Incubation,Swine,Whole herd,Indoor,NA,Liquid,Compost,Field,NA,T,F,T,F
239,Van Bochove,2001,Journal of Geophysical Research Atmospheres,Quebec,1998,1999,Single Year,Non-Growing,Field,Soil chamber,Swine,Sows,Indoor,NA,Liquid,NA,Field,Annual crop,F,F,T,F
240,Hao,2001,Journal of Environmental Quality,Alberta,1997,1997,Single Year,Growing,Farm,Soil chamber,Beef Cattle,Whole herd,Outdoor,NA,Solid,Compost,Storage,NA,T,T,T,F
241,Chantigny,2001,Canadian Journal of Soil Science,Quebec,1998,1998,Single Year,Growing,Field,Soil chamber,Swine,Whole herd,Indoor,NA,Liquid,NA,Field,NA,T,F,T,F
242,Kaharabata,2000,Environmental Science and Technology,Ontario,1996,1996,Single Year,Growing,Farm,Micrometeorological,Dairy Cattle,Heifers,Indoor,NA,"Solid, Liquid",NA,"Enteric, Storage",NA,F,T,F,F
243,Masse,2000,Bioresource Technology,Quebec,NA,NA,Single Year,NA,Lab,Incubation,Swine,Growers,Indoor,Antibiotics,"Solid, Liquid",NA,Storage,NA,F,T,F,T
244,Masse,2000,Water Research,Quebec,NA,NA,Single Year,NA,Lab,Modelling,Swine,"Growers, Finishers",Indoor,NA,Liquid,Digest,Storage,NA,F,T,F,F
245,Rochette,2000,Canadian Journal of Soil Science,Quebec,1997,1997,Single Year,Growing,Field,Soil chamber,Swine,"Sows, Growers",Indoor,NA,Liquid,NA,Field,Annual crop,F,T,F,F
246,Rochette,2000,Soil Science Society of America Journal,Quebec,1997,1998,Single Year,Year-Round,Field,Soil chamber,Swine,"Sows, Growers",Indoor,NA,Liquid,NA,Field,Annual crop,T,F,F,F
247,Rochette,2000,Soil Science Society of America Journal,Quebec,1997,1998,Single Year,Year-Round,Field,Soil chamber,Swine,"Sows, Growers",Indoor,NA,Liquid,NA,Field,Annual crop,F,F,T,F
248,Tenuta,2000,Communications in Soil Science and Plant Analysis,Ontario,1993,1993,Single Year,Growing,Lab,Incubation,"Dairy Cattle, Beef Cattle",Whole herd,Indoor,NA,"Soild, Liquid",NA,Field,Annual crop,T,F,T,F
249,Brown,2000,Journal of Environmental Quality,Ontario,1998,1998,Single Year,Non-Growing,Lab,Incubation,Dairy Cattle,Whole herd,Indoor,NA,Solid,Stockpile,Storage,NA,F,F,T,F
250,Lemke,1999,Canadian Journal of Soil Science,Alberta,1993,1995,Multiple Years,Growing,Field,Soil chamber,Sheep,Whole herd,Indoor,NA,Solid,NA,Field,Annual crop,F,F,T,F
251,Kaharabata,1998,Global Biogeochemical Cycles,Quebec,1995,1996,Single Year,Year-Round,Farm,Soil chamber,"Dairy Cattle, Swine",Whole herd,Indoor,NA,Liquid,NA,Storage,NA,F,T,F,F
252,Gregorich,1998,Journal of Environmental Quality,Ontario,1992,1992,Single Year,Growing,Field,Soil chamber,Dairy Cattle,Whole herd,Indoor,NA,Solid,Stockpile,Field,Annual crop,T,F,F,F
253,Wagner-Riddle,1998,Nutrient Cycling in Agroecosystems,Ontario,1993,1996,Multiple Years,Non-Growing,Field,Micrometeorological,Dairy Cattle,Whole herd,Indoor,NA,Liquid,NA,Field,Annual crop,F,F,T,F
254,Chang,1998,Soil Science Society of America Journal,Alberta,1993,1994,Single Year,Year-Round,Field,Soil chamber,Beef Cattle,Whole herd,Outdoor,NA,Solid,Stockpile,Field,Annual crop,F,F,T,F
255,Rochette,1998,Canadian Journal of Soil Science,Ontario,1994,1994,Single Year,Growing,Field,Soil chamber,Dairy Cattle,Cows,Indoor,NA,Solid,"Stockpile, Compost",Field,Annual crop,T,F,F,F
256,Wagner-Riddle,1997,Canadian Journal of Soil Science,Ontario,1992,1995,Multiple Years,Year-Round,Field,Micrometeorological,Dairy Cattle,Whole herd,Indoor,NA,Liquid,NA,Field,Grass,F,F,T,F
257,Lessard,1997,Canadian Journal of Soil Science,Ontario,1993,1994,Multiple Years,Growing,Field,Soil chamber,Dairy Cattle,"Cows, Heifers, Calves",Indoor,NA,Solid,Stockpile,Field,Annual crop,F,T,F,F
258,Loro,1997,Journal of Environmental Quality,Ontario,1991,1993,Multiple Years,Growing,Lab,Incubation,"Dairy Cattle, Beef Cattle",Whole herd,Indoor,NA,"Soild, Liquid",NA,Field,Annual crop,T,F,T,F
259,Lessard,1996,Journal of Environmental Quality,Ontario,1993,1993,Single Year,Growing,Field,Soil chamber,Dairy Cattle,"Cows, Heifers, Calves",Indoor,NA,Solid,Stockpile,Field,Annual crop,F,F,T,F
260,Masse,1996,Canadian Journal of Civil Engineering,Quebec,NA,NA,Single Year,NA,Lab,Incubation,Swine,"Growers, Finishers",Indoor,NA,Liquid,Digest,Storage,NA,F,T,F,F
261,Kinsman,1995,Journal of Dairy Science,Ontario,1993,1993,Single Year,Growing,Farm,Animal chamber,Dairy Cattle,Cows,Indoor,NA,"Soild, Liquid",NA,"Enteric, Storage",NA,T,T,F,F
262,Paul,1993,Canadian Journal of Soil Science,Ontario,NA,NA,Single Year,Growing,Lab,Incubation,"Dairy Cattle, Beef Cattle",Whole herd,Indoor,NA,"Soild, Liquid",NA,Field,Annual crop,F,F,T,F
